{
  "rl_vs_rule": {
    "rl_buyer_rewards": [
      1.5666666666666664,
      1.5666666666666664,
      1.5666666666666664,
      1.5666666666666664,
      1.5666666666666664,
      1.5666666666666664,
      1.5666666666666664,
      1.5666666666666664,
      1.5666666666666664,
      1.5666666666666664
    ],
    "rl_seller_rewards": [
      2.4,
      2.4,
      2.4,
      2.4,
      2.4,
      2.4,
      2.4,
      2.4,
      2.4,
      2.4
    ],
    "rule_buyer_rewards": [
      3.65,
      3.65,
      3.65,
      3.65,
      3.65,
      3.65,
      3.65,
      3.65,
      3.65,
      3.65
    ],
    "rule_seller_rewards": [
      6.566666666666666,
      6.566666666666666,
      6.566666666666666,
      6.566666666666666,
      6.566666666666666,
      6.566666666666666,
      6.566666666666666,
      6.566666666666666,
      6.566666666666666,
      6.566666666666666
    ],
    "rl_success_rate": 0.0,
    "rule_success_rate": 0.0,
    "rl_avg_price": 0.0,
    "rule_avg_price": 0.0,
    "rl_buyer_avg": 1.5666666666666664,
    "rl_seller_avg": 2.3999999999999995,
    "rule_buyer_avg": 3.65,
    "rule_seller_avg": 6.5666666666666655
  },
  "rl_vs_aggressive": {
    "rl_buyer_rewards": [
      1.5666666666666664,
      1.5666666666666664,
      1.5666666666666664,
      1.5666666666666664,
      1.5666666666666664,
      1.5666666666666664,
      1.5666666666666664,
      1.5666666666666664,
      1.5666666666666664,
      1.5666666666666664
    ],
    "rl_seller_rewards": [
      0.4,
      0.4,
      0.4,
      0.4,
      0.4,
      0.4,
      0.4,
      0.4,
      0.4,
      0.4
    ],
    "rule_buyer_rewards": [
      4.65,
      4.65,
      4.65,
      4.65,
      4.65,
      4.65,
      4.65,
      4.65,
      4.65,
      4.65
    ],
    "rule_seller_rewards": [
      6.566666666666666,
      6.566666666666666,
      6.566666666666666,
      6.566666666666666,
      6.566666666666666,
      6.566666666666666,
      6.566666666666666,
      6.566666666666666,
      6.566666666666666,
      6.566666666666666
    ],
    "rl_success_rate": 0.0,
    "rule_success_rate": 0.0,
    "rl_avg_price": 0.0,
    "rule_avg_price": 0.0,
    "rl_buyer_avg": 1.5666666666666664,
    "rl_seller_avg": 0.4,
    "rule_buyer_avg": 4.65,
    "rule_seller_avg": 6.5666666666666655
  },
  "rl_vs_cooperative": {
    "rl_buyer_rewards": [
      1.5666666666666664,
      1.5666666666666664,
      1.5666666666666664,
      1.5666666666666664,
      1.5666666666666664,
      1.5666666666666664,
      1.5666666666666664,
      1.5666666666666664,
      1.5666666666666664,
      1.5666666666666664
    ],
    "rl_seller_rewards": [
      4.9,
      4.9,
      4.9,
      4.9,
      4.9,
      4.9,
      4.9,
      4.9,
      4.9,
      4.9
    ],
    "rule_buyer_rewards": [
      2.4,
      2.4,
      2.4,
      2.4,
      2.4,
      2.4,
      2.4,
      2.4,
      2.4,
      2.4
    ],
    "rule_seller_rewards": [
      6.566666666666666,
      6.566666666666666,
      6.566666666666666,
      6.566666666666666,
      6.566666666666666,
      6.566666666666666,
      6.566666666666666,
      6.566666666666666,
      6.566666666666666,
      6.566666666666666
    ],
    "rl_success_rate": 0.0,
    "rule_success_rate": 0.0,
    "rl_avg_price": 0.0,
    "rule_avg_price": 0.0,
    "rl_buyer_avg": 1.5666666666666664,
    "rl_seller_avg": 4.9,
    "rule_buyer_avg": 2.3999999999999995,
    "rule_seller_avg": 6.5666666666666655
  }
}