{
  "buyer_rewards": [
    -10.6,
    -10.3,
    -10.1,
    4.5,
    -10.2,
    -10.2,
    -10.3,
    3.033333333333333,
    -10.3,
    2.1,
    -10.0,
    -10.1,
    -10.0,
    2.816666666666667,
    1.8833333333333335,
    1.8833333333333335,
    0.21666666666666662,
    -10.2,
    4.7,
    -10.0,
    1.4666666666666666,
    2.4,
    4.8,
    2.4,
    -10.2,
    2.933333333333333,
    3.866666666666667,
    -10.1,
    2.3,
    3.55,
    -10.1,
    0.43333333333333324,
    -10.3,
    -10.1,
    2.716666666666667,
    4.066666666666667,
    4.066666666666667,
    -10.2,
    1.5666666666666664,
    0.21666666666666662,
    4.483333333333333,
    -10.0,
    2.2,
    4.066666666666667,
    1.5666666666666664,
    -10.1,
    -10.2,
    -10.0,
    2.716666666666667,
    1.5666666666666664
  ],
  "seller_rewards": [
    -5.6,
    -5.3,
    -5.1,
    -0.5,
    -5.2,
    -5.2,
    -5.3,
    3.033333333333333,
    -5.3,
    4.6,
    -5.0,
    -5.1,
    -5.0,
    4.066666666666667,
    5.633333333333334,
    5.633333333333334,
    8.966666666666667,
    -5.2,
    -0.30000000000000004,
    -5.0,
    6.466666666666666,
    4.9,
    -0.2,
    4.9,
    -5.2,
    2.933333333333333,
    1.3666666666666665,
    -5.1,
    4.8,
    2.3,
    -5.1,
    7.933333333333334,
    -5.3,
    -5.1,
    3.966666666666667,
    1.5666666666666664,
    1.5666666666666664,
    -5.2,
    6.566666666666666,
    8.966666666666667,
    0.7333333333333333,
    -5.0,
    4.7,
    1.5666666666666664,
    6.566666666666666,
    -5.1,
    -5.2,
    -5.0,
    3.966666666666667,
    6.566666666666666
  ],
  "deal_success_rate": [
    0.0,
    0.0,
    0.0,
    0.0,
    0.0,
    0.0,
    0.0,
    0.0,
    0.0,
    0.0,
    0.0,
    0.0,
    0.0,
    0.0,
    0.0,
    0.0,
    0.0,
    0.0,
    0.0,
    0.0,
    0.0,
    0.0,
    0.0,
    0.0,
    0.0,
    0.0,
    0.0,
    0.0,
    0.0,
    0.0,
    0.0,
    0.0,
    0.0,
    0.0,
    0.0,
    0.0,
    0.0,
    0.0,
    0.0,
    0.0,
    0.0,
    0.0,
    0.0,
    0.0,
    0.0,
    0.0,
    0.0,
    0.0,
    0.0,
    0.0
  ],
  "average_deal_price": [
    0.0,
    0.0,
    0.0,
    0.0,
    0.0,
    0.0,
    0.0,
    0.0,
    0.0,
    0.0,
    0.0,
    0.0,
    0.0,
    0.0,
    0.0,
    0.0,
    0.0,
    0.0,
    0.0,
    0.0,
    0.0,
    0.0,
    0.0,
    0.0,
    0.0,
    0.0,
    0.0,
    0.0,
    0.0,
    0.0,
    0.0,
    0.0,
    0.0,
    0.0,
    0.0,
    0.0,
    0.0,
    0.0,
    0.0,
    0.0,
    0.0,
    0.0,
    0.0,
    0.0,
    0.0,
    0.0,
    0.0,
    0.0,
    0.0,
    0.0
  ],
  "average_rounds": [
    7,
    4,
    2,
    6,
    3,
    3,
    4,
    4,
    4,
    5,
    1,
    2,
    1,
    2,
    3,
    3,
    3,
    3,
    4,
    1,
    3,
    2,
    3,
    2,
    3,
    5,
    4,
    2,
    3,
    3,
    2,
    5,
    4,
    2,
    3,
    2,
    2,
    3,
    2,
    3,
    2,
    1,
    4,
    2,
    2,
    2,
    3,
    1,
    3,
    2
  ]
}